source,key,sbdb_query,fullname,sbdb_des,sbdb_class,sbdb_class_name,a_au,e,i_deg,q_au,T_J,group
spherex,10P,10P,10P/Tempel 2,10P,JFc,Jupiter-family Comet,3.06,0.537,12.0,1.42,2.96612952228608,JFC
spherex,124P,124P,124P/Mrkos,124P,JFc,Jupiter-family Comet,3.32,0.504,31.5,1.65,2.743885917443792,JFC
spherex,131P,131P,131P/Mueller 2,131P,JFc,Jupiter-family Comet,3.68,0.343,7.36,2.42,2.980928068194899,JFC
spherex,145P,145P,145P/Shoemaker-Levy 5,145P,JFc,Jupiter-family Comet,4.14,0.541,11.3,1.9,2.728190769587032,JFC
spherex,161P,161P,161P/Hartley-IRAS,161P,HTC,Halley-type Comet*,7.72,0.835,95.8,1.27,0.5386387792436834,HTC
spherex,164P,164P,164P/Christensen,164P,JFc,Jupiter-family Comet,3.66,0.54,16.3,1.69,2.7768111729050355,JFC
spherex,171P,171P,171P/Spahr,171P,JFc,Jupiter-family Comet,3.56,0.502,21.9,1.77,2.7892146033618923,JFC
spherex,172P,172P,172P/Yeung,172P,JFc,Jupiter-family Comet,4.18,0.223,11.3,3.25,2.95842676939589,JFC
spherex,2014UN271,2014 UN271,C/2014 UN271 (Bernardinelli-Bernstein),2014 UN271,COM,Comet,14300.0,0.999,95.4,10.9,-0.44076320259802637,OCC
spherex,2019U5,2019 U5,C/2019 U5 (PANSTARRS),2019 U5,HYP,Hyperbolic Comet,-2530.0,1.0,114.0,3.62,,OCC
spherex,2021G2,2021 G2,C/2021 G2 (ATLAS),2021 G2,HYP,Hyperbolic Comet,-9130.0,1.0,48.5,4.98,,OCC
spherex,2022E2,2022 E2,C/2022 E2 (ATLAS),2022 E2,HYP,Hyperbolic Comet,-3570.0,1.0,137.0,3.67,,OCC
spherex,2022N2,2022 N2,C/2022 N2 (PANSTARRS),2022 N2,HYP,Hyperbolic Comet,-1180.0,1.0,5.5,3.83,,OCC
spherex,2022QE78,2022 QE78,C/2022 QE78 (ATLAS),2022 QE78,HYP,Hyperbolic Comet,-1280.0,1.0,36.6,5.48,,OCC
spherex,2022R3,2022 R3,C/2022 R3 (Leonard),2022 R3,HYP,Hyperbolic Comet,-6760.0,1.0,43.1,5.13,,OCC
spherex,2022R6,2022 R6,C/2022 R6 (PANSTARRS),2022 R6,HYP,Hyperbolic Comet,-1320.0,1.0,57.0,6.57,,OCC
spherex,2023A3,2023 A3,C/2023 A3 (Tsuchinshan-ATLAS),2023 A3,HYP,Hyperbolic Comet,-4100.0,1.0,139.0,0.391,,OCC
spherex,2023C2,2023 C2,C/2023 C2 (ATLAS),2023 C2,COM,Comet,2390.0,0.999,48.3,2.37,1.276967726430993,OCC
spherex,2023F3,2023 F3,C/2023 F3 (ATLAS),2023 F3,HYP,Hyperbolic Comet,-1490.0,1.0,146.0,5.19,,OCC
spherex,2023H5,2023 H5,C/2023 H5 (Lemmon),2023 H5,HYP,Hyperbolic Comet,-10700.0,1.0,97.9,4.31,,OCC
spherex,2023R1,2023 R1,C/2023 R1 (PANSTARRS),2023 R1,HYP,Hyperbolic Comet,-1560.0,1.0,149.0,3.57,,OCC
spherex,2023RS61,2023 RS61,C/2023 RS61 (PANSTARRS),2023 RS61,CTc,Chiron-type Comet,11.9,0.328,19.9,8.0,3.123765234957045,Centaur
spherex,2023T3,2023 T3,C/2023 T3 (Fuls),2023 T3,JFc,Jupiter-family Comet,771.0,0.995,27.2,3.55,2.1692197845405334,JFC
spherex,2023U1,2023 U1,C/2023 U1 (Fuls),2023 U1,COM,Comet,2340.0,0.998,108.0,4.97,-0.8262224096673211,OCC
spherex,2023V1,2023 V1,C/2023 V1 (Lemmon),2023 V1,HYP,Hyperbolic Comet,-15000.0,1.0,102.0,5.09,,OCC
spherex,2024A1,2024 A1,C/2024 A1 (ATLAS),2024 A1,HYP,Hyperbolic Comet,-1850.0,1.0,94.5,3.88,,OCC
spherex,2024E1,2024 E1,C/2024 E1 (Wierzchos),2024 E1,HYP,Hyperbolic Comet,-9700.0,1.0,75.2,0.566,,OCC
spherex,2024G4,2024 G4,C/2024 G4 (PANSTARRS),2024 G4,JFc,Jupiter-family Comet,3190.0,0.998,33.0,4.9,2.626821916505728,JFC
spherex,2024G7,2024 G7,C/2024 G7 (ATLAS),2024 G7,HYP,Hyperbolic Comet,-3700.0,1.0,132.0,6.03,,OCC
spherex,2024J2,2024 J2,C/2024 J2 (Wierzchos),2024 J2,COM,Comet,146.0,0.988,79.3,1.81,0.3394316946460117,OCC
spherex,2024J3,2024 J3,C/2024 J3 (ATLAS),2024 J3,HYP,Hyperbolic Comet,-9770.0,1.0,75.6,3.87,,OCC
spherex,2024L5,2024 L5,C/2024 L5 (ATLAS),2024 L5,HYP,Hyperbolic Comet,-92.3,1.04,167.0,3.43,,OCC
spherex,2024N1,2024 N1,C/2024 N1 (PANSTARRS),2024 N1,HYP,Hyperbolic Comet,-3050.0,1.0,88.8,4.4,,OCC
spherex,2024T5,2024 T5,C/2024 T5 (ATLAS),2024 T5,HYP,Hyperbolic Comet,-1670.0,1.0,52.4,3.84,,OCC
spherex,2024W1,2024 W1,C/2024 W1 (PANSTARRS),2024 W1,COM,Comet,44.9,0.943,83.2,2.56,0.347387939334477,OCC
spherex,2025A6,2025 A6,C/2025 A6 (Lemmon),2025 A6,COM,Comet,119.0,0.996,144.0,0.53,-0.6476265072359739,OCC
spherex,2025K1,2025 K1,C/2025 K1 (ATLAS),2025 K1,HYP,Hyperbolic Comet,-1300.0,1.0,148.0,0.334,,OCC
spherex,2025L1,2025 L1,C/2025 L1 (ATLAS),2025 L1,HYP,Hyperbolic Comet,-1130.0,1.0,114.0,1.68,,OCC
spherex,2025L2,2025 L2,C/2025 L2 (MAPS),2025 L2,COM,Comet,506.0,0.994,86.6,2.83,0.13821569885524676,OCC
spherex,2025M2,2025 M2,C/2025 M2 (PANSTARRS),2025 M2,HYP,Hyperbolic Comet,-1410.0,1.0,173.0,2.72,,OCC
spherex,2025O2,2025 O2,C/2025 O2 (MAPS),2025 O2,COM,Comet,2020.0,0.999,135.0,2.29,-1.243166705522885,OCC
spherex,2025Q3,2025 Q3,C/2025 Q3 (ATLAS),2025 Q3,COM,Comet,785.0,0.997,90.2,2.11,-7.402693738221486e-06,OCC
spherex,2025R1,2025 R1,C/2025 R1 (ATLAS),2025 R1,COM,Comet,166.0,0.988,110.0,1.98,-0.5653641436830773,OCC
spherex,2025R2,2025 R2,C/2025 R2 (SWAN),2025 R2,COM,Comet,86.8,0.994,4.47,0.504,0.9506640650579598,OCC
spherex,2025UX109,2025 UX109,P/2025 UX109 (Ye),2025 UX109,JFc,Jupiter-family Comet,3.81,0.325,3.18,2.57,2.9817790315600794,JFC
spherex,2025W2,2025 W2,C/2025 W2 (ATLAS),2025 W2,HTC,Halley-type Comet*,27.0,0.946,94.7,1.45,0.071736779800183,HTC
spherex,210P,210P,210P/Christensen,210P,JFc,Jupiter-family Comet,3.16,0.834,10.3,0.525,2.492898941858619,JFC
spherex,217P,217P,217P/LINEAR,217P,JFc,Jupiter-family Comet,3.95,0.689,12.9,1.23,2.5484544577269794,JFC
spherex,229P,229P,229P/Gibbs,229P,JFc,Jupiter-family Comet,3.93,0.376,26.1,2.45,2.7704411422708572,JFC
spherex,235P,235P,235P/LINEAR,235P,JFc,Jupiter-family Comet,3.47,0.43,9.94,1.98,2.9520338995032986,JFC
spherex,240P,240P,240P/NEAT,240P,JFc,Jupiter-family Comet,3.86,0.45,23.5,2.12,2.7588328350498363,JFC
spherex,24P,24P,24P/Schaumasse,24P,JFc,Jupiter-family Comet,4.06,0.708,11.5,1.18,2.504283437874156,JFC
spherex,261P,261P,261P/Larson,261P,JFc,Jupiter-family Comet,3.53,0.418,6.05,2.05,2.962288560835023,JFC
spherex,29P,29P,29P/Schwassmann-Wachmann 1,29P,JFc,Jupiter-family Comet,6.05,0.0448,9.36,5.78,2.985766160574567,JFC
spherex,2P,2P,2P/Encke,2P,ETc,Encke-type Comet,2.22,0.848,11.4,0.338,3.0228113258524263,ETC
spherex,302P,302P,302P/Lemmon-PANSTARRS,302P,JFc,Jupiter-family Comet,4.27,0.23,6.03,3.29,2.97206508951895,JFC
spherex,306P,306P,306P/LINEAR,306P,JFc,Jupiter-family Comet,3.11,0.599,8.37,1.25,2.898174417414493,JFC
spherex,40P,40P,40P/Vaisala 1,40P,JFc,Jupiter-family Comet,4.9,0.633,11.5,1.8,2.5342794935781874,JFC
spherex,43P,43P,43P/Wolf-Harrington,43P,JFc,Jupiter-family Comet,4.31,0.439,9.39,2.42,2.8208660540570634,JFC
spherex,47P,47P,47P/Ashbrook-Jackson,47P,JFc,Jupiter-family Comet,4.12,0.319,13.0,2.81,2.906455952840651,JFC
spherex,486P,486P,486P/Leonard,486P,JFc,Jupiter-family Comet,3.63,0.364,2.21,2.31,2.988239585848026,JFC
spherex,48P,48P,48P/Johnson,48P,JFc,Jupiter-family Comet,3.5,0.427,12.2,2.0,2.936510175724141,JFC
spherex,491P,491P,491P/Spacewatch-PANSTARRS,491P,JFc,Jupiter-family Comet,5.01,0.259,9.37,3.71,2.90883889292713,JFC
spherex,493P,493P,493P/LONEOS,493P,JFc,Jupiter-family Comet,7.12,0.463,24.1,3.82,2.623689371816669,JFC
spherex,499P,499P,499P/Catalina,499P,JFc,Jupiter-family Comet,3.02,0.691,24.6,0.931,2.7245441163708994,JFC
spherex,508P,508P,508P/McNaught,508P,JFc,Jupiter-family Comet,3.57,0.57,31.8,1.53,2.6144640042966776,JFC
spherex,63P,63P,63P/Wild 1,63P,JFc,Jupiter-family Comet,5.6,0.651,19.8,1.95,2.411040051863754,JFC
spherex,78P,78P,78P/Gehrels 2,78P,JFc,Jupiter-family Comet,3.74,0.461,6.25,2.01,2.8870858152014804,JFC
literature,103P/Hartley 2,103P,103P/Hartley 2,103P,JFc,Jupiter-family Comet,3.48,0.694,13.6,1.06,2.6399060735658484,JFC
literature,116P/Wild 4,116P,116P/Wild 4,116P,ETc,Encke-type Comet,3.48,0.372,3.61,2.19,3.0105160789447027,ETC
literature,118P/Shoemaker-Levy 4,118P,118P/Shoemaker-Levy 4,118P,JFc,Jupiter-family Comet,3.36,0.455,10.1,1.83,2.957702037539857,JFC
literature,144P/Kushida,144P,144P/Kushida,144P,JFc,Jupiter-family Comet,3.83,0.635,3.93,1.4,2.6810882003437015,JFC
literature,153P/Ikeya-Zhang,153P,153P/Ikeya-Zhang,153P,COM,Comet,51.1,0.99,28.1,0.507,0.8817224144939682,OCC
literature,157P/Tritton,157P,157P/Tritton,157P,JFc,Jupiter-family Comet,3.37,0.627,11.2,1.25,2.774124544276254,JFC
literature,19P/Borrelly,19P,19P/Borrelly,19P,JFc,Jupiter-family Comet,3.61,0.638,29.3,1.31,2.560157314705184,JFC
literature,1P/Halley,1P,1P/Halley,1P,HTC,Halley-type Comet*,17.9,0.968,162.0,0.575,-0.5945559365598123,HTC
literature,21P/Giacobini-Zinner,21P,21P/Giacobini-Zinner,21P,JFc,Jupiter-family Comet,3.5,0.71,32.0,1.01,2.4663762488800804,JFC
literature,22P/Kopff,22P,22P/Kopff,22P,JFc,Jupiter-family Comet,3.44,0.549,4.74,1.55,2.867252288210219,JFC
literature,29P/Schwassmann-Wachmann 1,29P,29P/Schwassmann-Wachmann 1,29P,JFc,Jupiter-family Comet,6.05,0.0448,9.36,5.78,2.985766160574567,JFC
literature,2I/Borisov,2I,C/2019 Q4 (Borisov),2019 Q4,HYP,Hyperbolic Comet,-0.851,3.36,44.1,2.01,,Interstellar
literature,41P/Tuttle-Giacobini-Kresak,41P,41P/Tuttle-Giacobini-Kresak,41P,JFc,Jupiter-family Comet,3.09,0.661,9.23,1.05,2.8256149464276143,JFC
literature,45P/Honda-Mrkos-Pajdusakova,45P,45P/Honda-Mrkos-Pajdusakova,45P,JFc,Jupiter-family Comet,3.03,0.824,4.25,0.533,2.5797861031001936,JFC
literature,46P/Wirtanen,46P,46P/Wirtanen,46P,JFc,Jupiter-family Comet,3.09,0.659,11.7,1.06,2.819212003302137,JFC
literature,64P/Swift-Gehrels,64P,64P/Swift-Gehrels,64P,JFc,Jupiter-family Comet,4.46,0.687,8.95,1.39,2.4958568268731125,JFC
literature,67P/Churyumov-Gerasimenko,67P,67P/Churyumov-Gerasimenko,67P,JFc,Jupiter-family Comet,3.46,0.641,7.04,1.24,2.7463113607911613,JFC
literature,73P/Schwassmann-Wachmann 3,73P,73P/Schwassmann-Wachmann 3,73P,JFc,Jupiter-family Comet,3.09,0.686,11.2,0.972,2.7841187620982817,JFC
literature,81P/Wild 2,81P,81P/Wild 2,81P,JFc,Jupiter-family Comet,3.45,0.537,3.24,1.6,2.879930313453821,JFC
literature,88P/Howell,88P,88P/Howell,88P,JFc,Jupiter-family Comet,3.11,0.564,4.38,1.35,2.9463251941827044,JFC
literature,8P/Tuttle,8P,8P/Tuttle,8P,JFC,Jupiter-family Comet*,5.7,0.82,55.0,1.03,1.6001490326752208,HTC
literature,9P/Tempel 1,9P,9P/Tempel 1,9P,JFc,Jupiter-family Comet,3.15,0.51,10.5,1.54,2.96810402378798,JFC
literature,C/1979 Y1 (Bradfield),C/1979 Y1,C/1979 Y1 (Bradfield),1979 Y1,COM,Comet,45.6,0.988,149.0,0.545,-0.6696824667856741,OCC
literature,C/1989 X1 (Austin),C/1989 X1,C/1989 X1 (Austin),1989 X1,HYP,Hyperbolic Comet,-1530.0,1.0,59.0,0.35,,OCC
literature,C/1990 K1 (Levy),C/1990 K1,C/1990 K1 (Levy),1990 K1,HYP,Hyperbolic Comet,-1610.0,1.0,132.0,0.939,,OCC
literature,C/1995 O1 (Hale-Bopp),C/1995 O1,C/1995 O1 (Hale-Bopp),1995 O1,COM,Comet,177.0,0.995,89.3,0.891,0.04363323171468737,OCC
literature,C/1996 B2 (Hyakutake),C/1996 B2,C/1996 B2 (Hyakutake),1996 B2,COM,Comet,2120.0,1.0,125.0,0.23,0.0024547169811320753,OCC
literature,C/1999 H1 (Lee),C/1999 H1,C/1999 H1 (Lee),1999 H1,COM,Comet,2770.0,1.0,149.0,0.708,0.0018787003610108302,OCC
literature,C/1999 S4 (LINEAR),C/1999 S4,C/1999 S4 (LINEAR),1999 S4,HYP,Hyperbolic Comet,-7060.0,1.0,149.0,0.765,,OCC
literature,C/1999 T1 (McNaught-Hartley),C/1999 T1,C/1999 T1 (McNaught-Hartley),1999 T1,COM,Comet,8120.0,1.0,80.0,1.17,0.0006408866995073891,OCC
literature,C/2000 WM1 (LINEAR),C/2000 WM1,C/2000 WM1 (LINEAR),2000 WM1,HYP,Hyperbolic Comet,-2290.0,1.0,72.6,0.555,,OCC
literature,C/2001 A2 (LINEAR),2001 A2-A,C/2001 A2-A (LINEAR),2001 A2-A,COM,Comet,2530.0,1.0,36.5,0.779,0.0020569169960474305,OCC
literature,C/2001 Q4 (NEAT),C/2001 Q4,C/2001 Q4 (NEAT),2001 Q4,HYP,Hyperbolic Comet,-1400.0,1.0,99.6,0.962,,OCC
literature,C/2004 Q2 (Machholz),C/2004 Q2,C/2004 Q2 (Machholz),2004 Q2,COM,Comet,2420.0,1.0,38.6,1.21,0.0021504132231404956,OCC
literature,C/2006 M4 (SWAN),C/2006 M4,C/2006 M4 (SWAN),2006 M4,HYP,Hyperbolic Comet,-4230.0,1.0,112.0,0.783,,OCC
literature,C/2006 OF2 (Broughton),C/2006 OF2,C/2006 OF2 (Broughton),2006 OF2,HYP,Hyperbolic Comet,-3100.0,1.0,30.2,2.43,,OCC
literature,C/2006 P1 (McNaught),C/2006 P1,C/2006 P1 (McNaught),2006 P1,HYP,Hyperbolic Comet,-9070.0,1.0,77.8,0.171,,OCC
literature,C/2006 Q1 (McNaught),C/2006 Q1,C/2006 Q1 (McNaught),2006 Q1,COM,Comet,6920.0,1.0,59.1,2.76,0.0007520231213872832,OCC
literature,C/2006 W3 (Christensen),C/2006 W3,C/2006 W3 (Christensen),2006 W3,COM,Comet,17800.0,1.0,127.0,3.13,0.0002923595505617977,OCC
literature,C/2007 G1 (LINEAR),C/2007 G1,C/2007 G1 (LINEAR),2007 G1,HYP,Hyperbolic Comet,-1760.0,1.0,88.4,2.65,,OCC
literature,C/2007 N3 (Lulin),C/2007 N3,C/2007 N3 (Lulin),2007 N3,COM,Comet,74000.0,1.0,178.0,1.21,7.032432432432433e-05,OCC
literature,C/2007 Q3 (Siding Spring),C/2007 Q3,C/2007 Q3 (Siding Spring),2007 Q3,HYP,Hyperbolic Comet,-9470.0,1.0,65.7,2.25,,OCC
literature,C/2007 W1 (Boattini),C/2007 W1,C/2007 W1 (Boattini),2007 W1,HYP,Hyperbolic Comet,-8430.0,1.0,9.89,0.85,,OCC
literature,C/2008 Q3 (Garradd),C/2008 Q3,C/2008 Q3 (Garradd),2008 Q3,COM,Comet,8890.0,1.0,141.0,1.8,0.0005853768278965129,OCC
literature,C/2009 P1 (Garradd),C/2009 P1,C/2009 P1 (Garradd),2009 P1,HYP,Hyperbolic Comet,-1550.0,1.0,106.0,1.55,,OCC
literature,C/2010 G2 (Hill),C/2010 G2,C/2010 G2 (Hill),2010 G2,COM,Comet,96.2,0.979,104.0,1.98,-0.3699929763760519,OCC
literature,C/2012 F6 (Lemmon),C/2012 F6,C/2012 F6 (Lemmon),2012 F6,COM,Comet,487.0,0.998,82.6,0.731,0.1682072403882372,OCC
literature,C/2012 S1 (ISON),C/2012 S1,C/2012 S1 (ISON),2012 S1,HYP,Hyperbolic Comet,-2450.0,1.0,62.2,0.0125,,OCC
literature,C/2013 R1 (Lovejoy),C/2013 R1,C/2013 R1 (Lovejoy),2013 R1,COM,Comet,516.0,0.998,64.0,0.812,0.5619605037573844,OCC
literature,C/2016 R2 (PanSTARRS),C/2016 R2,C/2016 R2 (PANSTARRS),2016 R2,COM,Comet,705.0,0.996,58.2,2.6,1.1034567809687346,OCC
literature,C/2020 F3 (NEOWISE),C/2020 F3,C/2020 F3 (NEOWISE),2020 F3,COM,Comet,358.0,0.999,129.0,0.295,-0.4522101828227989,OCC
