target,phase,phase_update,arc,n_epoch,n_meas,r_hel_mean,r_hel_min,r_hel_max,spread,jd_start,jd_end,tspan_day,n_2.7um,n_4.3um,n_4.7um,parent_spread,was_split,manual
10P,1,1,in,36,71,3.6339683096173783,3.5376105308532715,3.69251012802124,0.04262546724967938,2460797.659870542,2460834.4152620994,36.75539155723527,3,5,2,0.04262546724967938,False,False
10P,2,2,in,102,202,1.9482370125185144,1.8684799671173096,2.0392167568206787,0.08763655992894581,2461105.4999013757,2461133.4713777546,27.97147637885064,4,6,18,0.08763655992894581,False,False
10P,3,3,in,8,16,1.6591109186410904,1.643269181251526,1.6867297887802124,0.02619511874726441,2461165.647831354,2461174.1377847595,8.489953405689448,2,1,0,0.02619511874726441,False,False
124P,1,1,in,84,163,2.679113275434342,2.5415172576904297,2.7336583137512207,0.071718153100354,2460955.104029428,2460992.0469503687,36.9429209404625,3,4,17,0.071718153100354,False,False
124P,2,2,in,109,214,1.8767423223112232,1.792227268218994,1.921440601348877,0.06884979978005493,2461122.7010309286,2461165.4759023013,42.77487137261778,3,7,25,0.06884979978005493,False,False
131P,1,1,in,85,170,2.8871325913597556,2.8468830585479736,2.918778896331787,0.0249021600182043,2460819.035725212,2460842.4038278153,23.368102603126317,5,9,15,0.0249021600182043,False,False
131P,2,2,in,82,161,2.459951046831119,2.4447062015533447,2.4792728424072266,0.01405175964717273,2460995.7385759423,2461021.949125104,26.21054916176945,9,11,10,0.01405175964717273,False,False
145P,1,1,in,77,152,2.875582971070942,2.7480599880218506,2.931187868118286,0.06368374063233305,2460805.103212163,2460838.667456094,33.56424393132329,3,9,9,0.06368374063233305,False,False
145P,2,2,in,93,184,2.0178436727627465,1.9591065645217896,2.0766544342041016,0.05825420039668902,2460977.5393894273,2461016.04494811,38.505558682605624,5,5,12,0.05825420039668902,False,False
161P,1,1,in,481,943,4.460489229078889,4.193519592285156,4.637973785400391,0.09964247648391164,2460950.1238244777,2461007.301774175,57.17794969724491,58,17,2,0.14000809143561235,True,False
161P,1,2,in,27,51,4.0932096874012665,4.016107559204102,4.179989814758301,0.04003759105198597,2461008.9955367576,2461029.2990127224,20.303475964814425,1,1,0,0.14000809143561235,True,False
164P,1,1,in,64,122,2.3878764246330886,2.3567099571228027,2.42953109741211,0.03049619299310955,2461004.4018434654,2461017.101304572,12.699461106676608,4,10,7,0.03049619299310955,False,False
164P,2,2,in,59,116,3.2605018656829308,3.205994129180908,3.281405448913574,0.023128746076294816,2461153.8633543425,2461167.91380262,14.050448277499527,6,2,8,0.023128746076294816,False,False
171P,1,1,in,114,203,1.8388353445259809,1.8055927753448489,1.8788903951644895,0.039860893493177604,2460984.437959956,2461014.042288993,29.604329037014395,7,2,6,0.039860893493177604,False,False
171P,2,2,in,63,124,2.5651887847531225,2.513079881668091,2.6576876640319824,0.056373153985159366,2461153.997852674,2461181.2949240375,27.29707136331126,0,5,14,0.056373153985159366,False,False
172P,1,1,in,53,106,3.408652310101491,3.388061761856079,3.413834571838379,0.007560997026866735,2460836.525006447,2460875.9338381332,39.40883168624714,3,3,9,0.0076618198624112495,True,False
172P,1,2,out,1,2,3.387721061706543,3.387721061706543,3.387721061706543,0.0,2460876.546977166,2460876.546977166,0.0,0,0,0,0.0076618198624112495,True,False
172P,2,3,out,81,161,3.426054689454736,3.4149999618530273,3.45459508895874,0.011557062188056926,2461128.7850592732,2461174.7420592825,45.957000009249896,4,6,13,0.011557062188056926,False,False
2014UN271,1,1,in,998,1952,14.963052671952326,14.48727321624756,15.186772346496582,0.04674842397368595,2460797.0727754324,2461013.3479286833,216.27515325089917,9,43,369,0.04674842397368595,False,False
2014UN271,2,2,in,617,1226,13.998472605793939,13.954628944396973,14.214298248291016,0.01854983119991008,2461100.5964592425,2461185.454495946,84.85803670343012,8,13,255,0.01854983119991008,False,False
2019U5,1,1,in,91,180,8.181110005908542,8.076436042785645,8.34582805633545,0.032928540669327884,2460919.0190531774,2460961.473417194,42.45436401665211,6,7,17,0.032928540669327884,False,False
2019U5,2,2,in,74,143,9.038486273972305,8.926297187805176,9.18300724029541,0.02840188552694603,2461053.533780959,2461094.5436073383,41.009826379362494,4,6,6,0.02840188552694603,False,False
2021G2,1,1,in,56,112,5.49317854642868,5.46794319152832,5.583138942718506,0.020970691233963,2460857.310196773,2460892.845863652,35.53566687880084,3,6,11,0.020970691233963,False,False
2021G2,2,2,in,62,123,6.455232496184062,6.421943187713623,6.469710826873779,0.00739983249068001,2461101.294479163,2461111.7503697495,10.455890586599708,4,5,11,0.00739983249068001,False,False
2021G2,3,3,in,12,24,6.685615619023641,6.676076412200928,6.698982238769531,0.0034261357328749112,2461155.9483182123,2461160.7673412175,4.819023005198687,0,0,11,0.0034261357328749112,False,False
2022E2,1,1,in,53,105,4.628041871388754,4.5937933921813965,4.705071926116943,0.024044409499293297,2460882.4931508894,2460903.9577969913,21.464646101929247,3,7,8,0.024044409499293297,False,False
2022E2,2,2,in,53,102,5.270402646532245,5.233694553375244,5.299532890319824,0.01249208862398769,2460998.926725143,2461010.2014030213,11.274677878245711,4,2,6,0.01249208862398769,False,False
2022N2,1,1,in,88,173,3.828128007106009,3.8257884979248047,3.8318262100219727,0.0015771970231821903,2460893.695311869,2460913.3262078417,19.630895972717553,7,5,18,0.0015771970231821903,False,False
2022N2,2,2,in,65,130,4.1695328272306,4.127349853515625,4.204128742218018,0.018414266509897956,2461065.404685319,2461087.943471088,22.538785769138485,3,4,11,0.018414266509897956,False,False
2022QE78,1,1,in,60,117,5.490357578310192,5.487298488616943,5.496968746185303,0.001761316531834282,2460978.80126874,2460996.118692338,17.31742359790951,3,4,9,0.001761316531834282,False,False
2022QE78,2,2,in,65,129,5.703702527423237,5.693081378936768,5.741751670837402,0.008533104885226642,2461143.476250967,2461166.836465604,23.360214637126774,2,7,11,0.008533104885226642,False,False
2022R3,1,1,in,24,48,7.752213537693024,7.727524757385254,7.839936256408691,0.014500567931580735,2460803.4384437623,2460825.5173457623,22.078902000095695,0,3,1,0.014500567931580735,False,False
2022R3,2,2,in,56,111,8.89735135946188,8.848405838012695,9.022216796875,0.01953513487780446,2461018.732552113,2461051.456189035,32.72363692196086,2,3,9,0.01953513487780446,False,False
2022R3,3,3,in,26,52,9.692468643188477,9.686946868896484,9.71278476715088,0.0026657706313606973,2461175.859651654,2461180.679777437,4.820125782862306,0,4,6,0.0026657706313606973,False,False
2022R6,1,1,in,69,134,6.5882954206039654,6.581300258636475,6.606174945831299,0.00377558770619668,2460981.64722999,2461022.801540257,41.15431026695296,4,9,12,0.00377558770619668,False,False
2022R6,2,2,in,58,116,6.759980629230368,6.74695348739624,6.788748741149902,0.006182747561869944,2461145.6548890453,2461171.5191971096,25.86430806433782,2,4,10,0.006182747561869944,False,False
2023A3,1,1,in,38,73,3.704919455802604,3.6076061725616455,3.8617842197418217,0.06860555275556271,2460797.025396387,2460818.363571599,21.338175212033093,2,4,8,0.06860555275556271,False,False
2023A3,2,2,in,47,93,4.8599085961618735,4.7819132804870605,4.942937850952148,0.03313325081715683,2460900.7813551025,2460916.002087111,15.220732008572668,2,4,8,0.03313325081715683,False,False
2023A3,3,3,in,4,8,5.288586378097534,5.280783653259277,5.295332431793213,0.0027509768194746184,2460948.6746141342,2460950.1037145704,1.4291004361584783,0,0,0,0.0027509768194746184,False,False
2023A3,4,4,in,88,175,7.126303449358259,6.972461700439453,7.390929222106934,0.058721541208740485,2461126.416176268,2461173.804141442,47.387965173926204,3,10,13,0.058721541208740485,False,False
2023C2,1,1,in,68,134,3.4387882289601794,3.3769264221191406,3.6415858268737793,0.07696298438088651,2460854.709660739,2460890.511657793,35.801997053902596,4,9,11,0.10975703331215642,True,False
2023C2,1,2,in,1,2,3.7548677921295166,3.7548677921295166,3.7548677921295166,0.0,2460905.4579393086,2460905.4579393086,0.0,0,0,0,0.10975703331215642,True,False
2023C2,2,3,in,73,145,4.607843671996018,4.524084568023682,4.712174415588379,0.040819494096079184,2461004.1510203113,2461027.9826309127,23.83161060139537,2,5,13,0.040819494096079184,False,False
2023F3,1,1,in,58,112,5.262351610830852,5.238576889038086,5.298158168792725,0.011322177642407975,2460802.56547565,2460849.709776366,47.144300715997815,7,2,5,0.011322177642407975,False,False
2023F3,2,2,in,69,137,5.714232197643197,5.683182716369629,5.793337821960449,0.019277324018483737,2461017.568380265,2461052.6723058145,35.103925549425185,3,4,13,0.019277324018483737,False,False
2023F3,3,3,in,42,82,6.201324340773792,6.177265167236328,6.23906135559082,0.009964998596861223,2461159.1675376953,2461174.7878928264,15.620355131104589,4,6,5,0.009964998596861223,False,False
2023H5,1,1,in,408,809,4.550231341820565,4.484593391418457,4.597662925720215,0.02484918365854301,2461005.8393289023,2461050.321720058,44.48239115579054,29,47,0,0.02484918365854301,False,False
2023R1,1,1,in,63,124,4.519066902898973,4.4529523849487305,4.551950931549072,0.02190685571325231,2460826.8512604847,2460845.802434979,18.95117449434474,4,8,12,0.02190685571325231,False,False
2023R1,2,2,in,49,91,3.998283952147096,3.976451873779297,4.028096675872803,0.012916741960203294,2460937.0539462813,2460949.9656277164,12.911681435070932,3,5,4,0.012916741960203294,False,False
2023R1,3,3,in,62,119,3.570953258947164,3.570070743560791,3.5812666416168213,0.0031352687207480273,2461136.798359009,2461174.949127434,38.15076842484996,4,5,13,0.0031352687207480273,False,False
2023RS61,1,1,in,66,128,8.964588843286037,8.924760818481445,8.976712226867676,0.005795180269214365,2460897.297810502,2460933.779210934,36.48140043206513,3,3,10,0.005795180269214365,False,False
2023RS61,2,2,in,65,127,8.737119599590152,8.723271369934082,8.750865936279297,0.003158313907767644,2461061.1903979327,2461082.306727305,21.11632937239483,4,6,5,0.003158313907767644,False,False
2023T3,1,1,in,69,132,3.801896454709949,3.728573799133301,3.8529107570648193,0.03270393063374588,2460827.0866989936,2460866.8293068046,39.7426078110002,3,1,14,0.03270393063374588,False,False
2023T3,2,2,in,52,87,5.126084508567021,5.09354829788208,5.155742645263672,0.012132914952464957,2461117.0398792843,2461127.4982384974,10.458359213080257,4,5,9,0.012132914952464957,False,False
2023U1,1,1,in,63,123,5.365009571478619,5.334867477416992,5.412378311157227,0.014447473524054137,2460848.575557109,2460875.6836722693,27.108115160372108,3,8,7,0.014447473524054137,False,False
2023U1,2,2,in,60,110,5.736706837740812,5.674613952636719,5.853623867034912,0.031204298818360003,2460955.3501804173,2461003.155117944,47.80493752658367,4,5,14,0.031204298818360003,False,False
2023U1,3,3,in,38,73,6.621962201105405,6.599835395812988,6.636269569396973,0.00550202077231767,2461175.3493892825,2461183.083658139,7.73426885670051,2,4,0,0.00550202077231767,False,False
2023V1,1,1,in,565,1109,5.102567261247833,5.092717170715332,5.120727062225342,0.005489372324934321,2460799.2101263986,2460864.7748981677,65.56477176910266,5,57,138,0.005489372324934321,False,False
2023V1,2,2,in,69,134,5.327406353025294,5.305364608764648,5.346532344818115,0.0077275381912792745,2461065.3811823,2461084.054353125,18.673170825000852,5,4,17,0.0077275381912792745,False,False
2024A1,1,1,in,62,120,4.0526850859324135,4.035896301269531,4.097520351409912,0.015205733688583115,2460969.3649232853,2460992.9293883285,23.564465043134987,4,6,9,0.015205733688583115,False,False
2024A1,2,2,in,56,112,4.530684437070574,4.464350700378418,4.595926761627197,0.029041100318576377,2461096.627185957,2461126.913665527,30.28647956997156,3,9,2,0.029041100318576377,False,False
2024E1,1,1,in,91,181,3.6922659873962402,3.570188522338867,3.998886823654175,0.11610710137858259,2460800.7718761307,2460837.9398581693,37.167982038576156,0,0,58,0.3562939821196933,True,True
2024E1,1,2,in,46,87,3.198458803111109,2.7404696941375732,3.331838607788086,0.18489183386551486,2460857.844192609,2460904.7939036964,46.94971108715981,3,10,11,0.3562939821196933,True,True
2024G4,1,1,in,65,130,5.214369363051194,5.135519981384277,5.246878623962402,0.02135610940168676,2460878.229441231,2460922.5288181943,44.29937696317211,3,6,10,0.02135610940168676,False,False
2024G4,2,2,out,59,116,4.907960209353217,4.904415607452393,4.918341636657715,0.0028374372674788806,2461145.7610345297,2461174.6832573134,28.92222278378904,3,4,7,0.0028374372674788806,False,False
2024G7,1,1,in,49,97,6.127075234639276,6.114236831665039,6.168735980987549,0.008894806614157454,2460863.0279651573,2460904.0572095625,41.02924440521747,2,3,7,0.008894806614157454,False,False
2024G7,2,2,in,58,116,6.530438982207199,6.512171745300293,6.6245808601379395,0.017213102387743883,2461070.4617060535,2461111.737614531,41.27590847760439,3,6,6,0.017213102387743883,False,False
2024J2,1,1,in,82,162,2.4537179190435525,2.384631872177124,2.5775582790374756,0.0786261555833416,2460879.764651729,2460904.0177714145,24.253119685687125,3,6,13,0.0786261555833416,False,False
2024J2,2,2,in,58,108,3.5494065593790123,3.4034667015075684,3.663544178009033,0.07327350985314199,2460999.01196131,2461028.073303143,29.06134183285758,4,3,10,0.07327350985314199,False,False
2024J3,1,1,in,42,52,5.376824754935044,5.341115951538086,5.431166648864746,0.016747932363614486,2460918.5163587257,2460934.686715023,16.17035629739985,0,2,3,0.016747932363614486,False,False
2024J3,2,2,in,30,59,4.265167826313084,4.202661514282227,4.290135860443115,0.02050900450416828,2461155.2031502533,2461179.983711522,24.78056126879528,2,0,4,0.02050900450416828,False,False
2024L5,1,1,in,46,91,3.5025590985685913,3.4806036949157715,3.5371789932250977,0.01615256066127395,2460806.023825995,2460835.5076449094,29.483818914275616,4,5,10,0.01615256066127395,False,False
2024L5,2,2,in,55,108,4.283472860300982,4.246913909912109,4.320222854614258,0.0171143712340452,2461014.5864467863,2461028.2988112234,13.712364437058568,3,5,9,0.0171143712340452,False,False
2024L5,3,3,in,57,113,5.050126531482798,5.0041093826293945,5.134485721588135,0.025816449973276145,2461144.768134636,2461165.542041171,20.773906535003334,3,4,8,0.025816449973276145,False,False
2024N1,1,1,in,686,1349,4.440950133519494,4.406599998474121,4.542001724243164,0.03048935964109461,2460828.962408442,2460934.7399210236,105.77751258155331,55,65,0,0.030489923523424174,True,False
2024N1,1,2,out,1,2,4.406599044799805,4.406599044799805,4.406599044799805,0.0,2460934.741413274,2460934.741413274,0.0,0,0,0,0.030489923523424174,True,False
2024N1,2,3,out,427,842,4.505561320062488,4.427242279052734,4.688111305236816,0.05789933987192167,2461028.857056607,2461166.2141065304,137.35704992339015,3,37,122,0.05789933987192167,False,False
2024T5,1,1,in,72,141,6.679847051065864,6.625411033630371,6.731040954589844,0.015813224487320844,2460861.1439582356,2460878.331678463,17.187720227520913,4,9,13,0.015813224487320844,False,False
2024T5,2,2,in,72,141,5.680111726125081,5.61203670501709,5.7359724044799805,0.021819236212002893,2461026.1706961095,2461047.4904153943,21.319719284772873,2,5,11,0.021819236212002893,False,False
2024W1,1,1,in,409,781,2.722913572943928,2.6914896965026855,2.7509806156158447,0.02184825831575678,2460833.349722107,2460850.5410681944,17.191346087493002,70,0,0,0.1584285355467234,True,False
2024W1,1,2,in,304,602,2.802157689962672,2.7548062801361084,3.0141420364379883,0.09254859468859318,2460851.5593181173,2460908.3451325274,56.785814410075545,0,27,103,0.1584285355467234,True,False
2024W1,1,3,in,54,108,3.084292689959208,3.037935495376587,3.1320929527282715,0.030528055154496338,2460912.8260005037,2460929.8748330288,17.048832525033504,3,6,0,0.1584285355467234,True,False
2025A6,1,1,in,44,86,2.126420270564944,2.0623910427093506,2.1796722412109375,0.05515428917089274,2461094.3528829752,2461102.5032231375,8.150340162217617,1,8,12,0.20202781983012869,True,False
2025A6,1,2,in,2,4,2.4738264083862305,2.4525463581085205,2.4951064586639404,0.017204158065069516,2461122.0548492116,2461125.178173378,3.1233241665177047,0,0,1,0.20202781983012869,True,False
2025A6,2,3,in,14,28,3.224128110068185,3.1933114528656006,3.255892753601074,0.019410302134101658,2461179.2022673227,2461184.295458054,5.093190731480718,0,0,6,0.019410302134101658,False,False
2025K1,1,1,in,61,121,2.5237876856622616,2.4070639610290527,2.6226046085357666,0.08540363705362732,2460820.5282984343,2460835.6128309937,15.08453255938366,4,3,9,0.1461309366783322,True,False
2025K1,1,2,in,7,14,2.26083391053336,2.2577860355377197,2.263892889022827,0.002701150870329407,2460845.326281792,2460845.735070394,0.4087886018678546,0,1,0,0.1461309366783322,True,False
2025K1,2,3,in,23,45,1.3642126639684042,1.3178446292877195,1.3857383728027344,0.049767712401610806,2460899.2189287543,2460902.958732437,3.7398036825470626,0,2,2,0.049767712401610806,False,False
2025K1,3,4,out,12,23,1.075249811877375,1.063634991645813,1.0888668298721311,0.023466024311377103,2460997.480445977,2460998.776220594,1.2957746172323823,0,0,0,0.023466024311377103,False,False
2025K1,4,5,out,37,73,1.7625129190209794,1.671673059463501,1.836634635925293,0.09359453464512645,2461031.1090111556,2461041.0928528616,9.983841706067324,0,5,16,0.2182420796319574,True,False
2025K1,4,6,out,33,65,1.9279572211779081,1.8596919775009155,2.0024404525756836,0.0740413083375129,2461042.516801372,2461051.485430139,8.968628766946495,4,3,0,0.2182420796319574,True,False
2025K1,4,7,out,6,12,2.075359265009562,2.069036960601806,2.0774359703063965,0.004047014821094886,2461055.758643951,2461056.301558187,0.5429142364300787,0,1,0,0.2182420796319574,True,False
2025L1,1,1,in,74,146,3.011285130291769,2.903026819229126,3.1038966178894043,0.06670567215294411,2460842.0534324795,2460863.590527427,21.537094947416335,8,7,0,0.21273849470718226,True,False
2025L1,1,2,in,277,540,2.775815483375832,2.624803066253662,2.842717409133911,0.07850462114118285,2460870.103900402,2460893.9465791765,23.842678774613887,0,24,112,0.21273849470718226,True,False
2025L1,1,3,in,1,2,2.5029122829437256,2.5029122829437256,2.5029122829437256,0.0,2460907.599360427,2460907.599360427,0.0,0,0,0,0.21273849470718226,True,False
2025L1,2,4,out,61,121,1.7608290634864618,1.7443618774414062,1.7847639322280884,0.022944904547796137,2461088.8009668654,2461098.915327736,10.114360870793462,1,0,18,0.022944904547796137,False,False
2025L1,3,5,out,17,32,2.253165267407894,2.1803247928619385,2.349231004714966,0.07496396926415518,2461160.576581321,2461181.1533552455,20.57677392428741,0,0,8,0.07496396926415518,False,False
2025L2,1,1,in,67,132,3.5480593876405195,3.419229745864868,3.591977596282959,0.04868798166678071,2460808.570143363,2460839.075249867,30.50510650407523,2,4,11,0.04868798166678071,False,False
2025L2,2,2,in,69,132,2.964097449273774,2.892994165420532,2.986459732055664,0.03153255526670759,2460937.20604967,2460972.8659310304,35.659881360363215,2,7,8,0.03153255526670759,False,False
2025M2,1,1,in,47,94,8.544820562322089,8.52069091796875,8.56984806060791,0.005752858387210124,2460805.782933652,2460812.920470687,7.137537035159767,2,4,7,0.005752858387210124,False,False
2025M2,2,2,in,53,105,7.479048824310302,7.415152549743652,7.528636455535889,0.015173574669463601,2460954.7209640844,2460970.6812519757,15.960287891328335,3,3,8,0.015173574669463601,False,False
2025M2,3,3,in,27,54,6.01875439396611,6.012931823730469,6.024439334869385,0.0019119423032866179,2461162.5900947168,2461164.155185664,1.5650909473188221,3,4,3,0.0019119423032866179,False,False
2025O2,1,1,in,40,78,2.4283388211176944,2.413248062133789,2.480297803878784,0.027611361792640638,2460886.8979318617,2460903.9474933185,17.049561456777155,0,5,9,0.027611361792640638,False,False
2025O2,2,2,in,16,29,2.9231528167066902,2.9177908897399902,2.9272444248199463,0.003234020139462529,2460982.2334019523,2460983.660850404,1.4274484515190125,0,2,8,0.003234020139462529,False,False
2025Q3,1,1,in,60,118,2.9030223559525052,2.686328411102295,2.96504282951355,0.09600836102407706,2460914.9623230794,2460953.478182311,38.51585923181847,4,5,11,0.09600836102407706,False,False
2025Q3,2,2,in,59,118,2.1854873390521035,2.15954327583313,2.2283284664154053,0.031473616594873126,2461036.8876965805,2461059.1644844525,22.27678787196055,0,3,13,0.031473616594873126,False,False
2025R1,1,1,in,62,122,2.1877229135544574,2.145094633102417,2.225726842880249,0.03685668293651801,2460917.6111640744,2460933.573830496,15.962666421663016,3,3,10,0.03685668293651801,False,False
2025R1,2,2,in,117,225,2.015587396621704,1.9943338632583616,2.030674695968628,0.01802989677906136,2460964.0077635343,2460980.177714113,16.16995057882741,0,13,38,0.019549069227418215,True,False
2025R1,2,3,out,1,2,1.9912760257720947,1.9912760257720947,1.9912760257720947,0.0,2460982.0792022673,2460982.0792022673,0.0,0,0,0,0.019549069227418215,True,False
2025R1,3,4,out,66,132,2.562705195311344,2.4952828884124756,2.7442963123321533,0.09716818944889405,2461131.0350769814,2461164.7737786076,33.73870162619278,4,7,12,0.1037935293445568,True,False
2025R1,3,5,out,3,6,2.761817693710327,2.7611191272735596,2.762173652648926,0.0003818229486210304,2461166.9479761194,2461167.083948957,0.1359728374518454,0,0,3,0.1037935293445568,True,False
2025R2,1,1,in,10,19,1.101825099242361,1.093158721923828,1.1140251159667969,0.018938027512095303,2460975.703489391,2460976.931810681,1.2283212896436453,0,0,0,0.018938027512095303,False,False
2025R2,2,2,in,3,6,1.8896921078364055,1.88966965675354,1.889714598655701,2.3782658547652297e-05,2461025.2760893987,2461025.2790739085,0.00298450980335474,0,0,0,0.20616165003360415,True,False
2025R2,2,3,in,26,51,2.0173430676553763,1.937541961669922,2.126042604446411,0.09344005280944644,2461028.4706869917,2461041.3040069067,12.833319914992899,0,6,7,0.20616165003360415,True,False
2025R2,2,4,in,59,117,2.211883267785749,2.1495091915130615,2.3316292762756348,0.08233711399466767,2461042.9300315934,2461055.7625700063,12.832538412883878,5,5,7,0.20616165003360415,True,False
2025UX109,1,1,in,100,192,2.6646134989957013,2.649416208267212,2.6833508014678955,0.012735277823021468,2461008.004732815,2461029.5206658435,21.515933028422296,5,11,8,0.012735277823021468,False,False
2025UX109,2,2,in,11,22,3.0364431251179087,3.0285427570343018,3.041503429412842,0.004268373173641038,2461177.2873666263,2461181.9077078686,4.620341242291033,0,4,0,0.004268373173641038,False,False
2025W2,1,1,in,78,146,1.532299909689655,1.492493987083435,1.5734413862228394,0.05282738622349656,2460973.5718742097,2460992.7940372396,19.222163029946387,10,3,16,0.08076650153780582,True,False
2025W2,1,2,out,184,367,1.4594737814297793,1.4538908004760742,1.468606948852539,0.010083187902182189,2461020.3726643794,2461032.6013369234,12.228672544006258,14,10,40,0.08076650153780582,True,False
210P,1,1,in,1,2,2.465883493423462,2.465883493423462,2.465883493423462,0.0,2460839.0702934614,2460839.0702934614,0.0,0,0,0,0.0,False,False
210P,2,2,in,38,76,1.3571315752832513,1.298025369644165,1.406153440475464,0.07967397767510588,2460930.3467585864,2460938.225384043,7.878625456709415,2,1,9,0.2455777486484874,True,False
210P,2,3,in,3,6,1.1225672960281372,1.120935082435608,1.123860239982605,0.0026057747783556945,2460950.516536185,2460950.7194828456,0.2029466605745256,0,0,0,0.2455777486484874,True,False
210P,2,4,out,1,2,1.0786151885986328,1.0786151885986328,1.0786151885986328,0.0,2460953.6455813213,2460953.6455813213,0.0,0,0,0,0.2455777486484874,True,False
210P,3,5,out,12,24,1.538916955391566,1.5329698324203491,1.5463371276855469,0.008686170633422221,2461083.6399504133,2461084.663068694,1.0231182808056474,3,0,0,0.21391303027508904,True,False
210P,3,6,out,42,84,1.6387311702682859,1.5692275762557983,1.6980124711990356,0.07858817680398013,2461086.423858326,2461096.542980143,10.119121816940606,0,5,11,0.21391303027508904,True,False
210P,3,7,out,1,2,1.8797948360443115,1.8797948360443115,1.8797948360443115,0.0,2461111.474213779,2461111.474213779,0.0,0,0,1,0.21391303027508904,True,False
217P,1,1,in,58,115,2.250745601239412,2.204841375350952,2.289888620376587,0.03778625402124613,2460978.389992589,2460988.7818787387,10.391886149533093,3,5,9,0.03778625402124613,False,False
217P,2,2,in,65,130,3.438596978554359,3.3199846744537354,3.5374977588653564,0.06325634721608668,2461124.74211528,2461156.9898408763,32.247725596185774,3,4,9,0.06325634721608668,False,False
229P,1,1,in,94,187,2.817445345740905,2.7837483882904053,2.9350404739379883,0.053698321380497856,2460944.705145187,2460993.05695838,48.351813192944974,3,10,12,0.053698321380497856,False,False
229P,2,2,in,78,152,3.376822868460103,3.2925286293029785,3.425287961959839,0.03931486424616675,2461096.7754699057,2461134.181726432,37.40625652624294,1,7,10,0.03931486424616675,False,False
235P,1,1,in,88,173,2.0606878644469155,2.038881301879883,2.1581811904907227,0.057893235879689954,2461094.5694730887,2461142.3639529212,47.794479832518846,3,4,13,0.057893235879689954,False,False
240P,1,1,in,76,144,2.361871204442448,2.25110125541687,2.402015686035156,0.06389613046402803,2460883.7072778535,2460933.431728762,49.724450908601284,5,4,17,0.06389613046402803,False,False
240P,2,2,out,87,172,2.1647598272146182,2.1500988006591797,2.191807270050049,0.019267019309266813,2461073.5500338916,2461099.2816584916,25.731624600011855,6,8,17,0.019267019309266813,False,False
24P,1,1,in,47,93,1.9098088305483583,1.879475235939026,1.9398118257522583,0.03159299970139311,2460923.65037195,2460930.717708257,7.067336306907237,8,0,0,0.20657103611212427,True,True
24P,1,2,in,138,270,1.736190135832186,1.5719767808914185,1.833893895149231,0.1508573910496681,2460936.080729701,2460967.932465141,31.851735440082848,3,13,29,0.20657103611212427,True,True
24P,2,3,in,53,100,1.2173249685764314,1.2005274295806885,1.3439922332763672,0.11785251054486284,2461000.2567327702,2461033.8739637583,33.61723098810762,0,1,24,0.13336916797528894,True,True
24P,2,4,in,65,129,1.1900937945343728,1.183946967124939,1.1993554830551147,0.01294731222105431,2461034.417837311,2461048.675905201,14.258067890070379,0,1,35,0.13336916797528894,True,True
24P,2,5,out,87,173,1.197413808348551,1.1839468479156494,1.2318668365478516,0.04001957243026321,2461048.6773974597,2461074.540375825,25.862978365272284,0,1,57,0.13336916797528894,True,True
261P,1,1,in,1,2,2.525398015975952,2.525398015975952,2.525398015975952,0.0,2460832.822992217,2460832.822992217,0.0,0,0,1,0.0,False,False
261P,2,2,in,70,139,2.1297356705013795,2.0448741912841797,2.161715269088745,0.05486177436144405,2460935.8384159515,2460992.0089511443,56.1705351928249,3,4,19,0.05486177436144405,False,False
29P,1,1,in,72,144,6.304355521996816,6.303515911102295,6.304985046386719,0.0002330349675391562,2461017.7139816633,2461033.3946657353,15.680684071965516,2,11,11,0.0002330349675391562,False,False
29P,2,2,in,13,25,6.314828281402588,6.314711093902588,6.314990043640137,4.417376452980453e-05,2461175.25429355,2461181.50154806,6.24725451041013,0,1,0,4.417376452980453e-05,False,False
2P,1,1,in,58,115,4.096590564561927,4.089725971221924,4.097212791442871,0.0018275734669978853,2460835.3383629695,2460875.149871406,39.81150843668729,3,4,9,0.0018275734669978853,False,False
2P,2,2,in,57,111,3.9276328580873505,3.907388210296631,3.944890975952149,0.009548439737257122,2460985.4839063967,2461001.7835581503,16.29965175362304,3,5,9,0.009548439737257122,False,False
302P,1,1,in,61,117,3.330909680097531,3.3239283561706543,3.3425679206848145,0.0055959381383209345,2460850.6913949866,2460876.368119784,25.67672479758039,0,9,18,0.0055959381383209345,False,False
302P,2,2,in,65,128,3.5217880327254534,3.489637613296509,3.540086507797241,0.014324795823015747,2461006.9432777083,2461041.036751185,34.09347347682342,2,4,7,0.014324795823015747,False,False
306P,1,1,in,30,59,1.616085096941156,1.5876679420471191,1.638056397438049,0.03117933299818349,2460797.492915816,2460805.3068514783,7.813935662154108,0,5,0,0.2629153575984889,True,False
306P,1,2,in,110,214,1.5065389637635134,1.4332261085510254,1.580829620361328,0.09797523685784496,2460806.390192002,2460832.008666027,25.618474024813622,0,0,55,0.2629153575984889,True,False
306P,1,3,in,40,79,1.4021601918377453,1.3816838264465332,1.4182084798812866,0.026048844951789905,2460834.9969034004,2460842.8113551005,7.814451700076461,0,0,19,0.2629153575984889,True,False
306P,1,4,in,186,359,1.300084264497571,1.2729730606079102,1.362425684928894,0.06880525113928183,2460847.3595481003,2460888.7378998403,41.37835174007341,10,12,62,0.2629153575984889,True,False
306P,1,5,out,36,72,1.2780850562784407,1.2729729413986206,1.2917578220367432,0.014697676454195336,2460888.7393921013,2460907.8935478074,19.154155706055462,0,0,26,0.2629153575984889,True,False
40P,1,1,in,95,187,2.212677837055635,2.143407106399536,2.3409194946289062,0.08926396103474142,2461105.4999013757,2461142.365924828,36.86602345248684,6,6,21,0.08926396103474142,False,False
43P,1,1,in,98,190,2.602937042085748,2.580054998397827,2.696929931640625,0.04490117561550598,2461007.6620471515,2461052.676214115,45.01416696375236,6,6,19,0.04490117561550598,False,False
43P,2,2,in,3,6,3.134565273920695,3.132127046585083,3.13578724861145,0.0011676904790657078,2461178.3093836657,2461179.2603942016,0.9510105359368026,0,0,0,0.0011676904790657078,False,False
47P,1,1,in,72,141,2.9368457405279713,2.921055793762207,2.947523832321167,0.009012403407405957,2460819.3672364145,2460835.676838002,16.30960158770904,1,6,19,0.009012403407405957,False,False
47P,2,2,out,74,147,2.8117509537002667,2.8074581623077393,2.816188335418701,0.003104888467975088,2460977.7426381293,2461014.8269307506,37.08429262135178,3,4,14,0.003104888467975088,False,False
486P,1,1,in,71,141,2.389432389685448,2.3724491596221924,2.418776750564575,0.019388533922268254,2460849.74077615,2460876.102409609,26.361633459106088,3,5,17,0.019388533922268254,False,False
486P,2,2,in,77,153,2.860114451327355,2.822263717651367,2.9043660163879395,0.028705948707216693,2461020.7946349406,2461045.0367755564,24.24214061582461,3,5,17,0.028705948707216693,False,False
48P,1,1,in,83,164,2.370112590673493,2.336034059524536,2.465069055557251,0.05444255962373845,2460893.1501414743,2460926.5736634843,33.42352200997993,3,5,22,0.05444255962373845,False,False
48P,2,2,in,72,142,3.1018597861410866,3.057802677154541,3.1446683406829834,0.028004381086647653,2461065.607916212,2461085.9803211023,20.37240489013493,7,5,14,0.028004381086647653,False,False
491P,1,1,in,53,106,4.081269264221191,4.06977653503418,4.101962089538574,0.007886162960761263,2460937.062651092,2460955.9454302066,18.882779114414006,2,6,10,0.007886162960761263,False,False
493P,1,1,in,60,117,3.900366986918653,3.867362499237061,3.907873153686523,0.01038636994552813,2460919.3088526083,2460957.214433058,37.90558044984937,3,4,11,0.01038636994552813,False,False
493P,2,2,out,73,146,3.828856112205819,3.8251047134399414,3.8333678245544434,0.002158114818721026,2461076.0607702876,2461101.6540769967,25.593306709080935,0,6,11,0.002158114818721026,False,False
499P,1,1,in,34,62,1.2940937588291783,1.2446881532669067,1.340550661087036,0.0740769416173215,2460797.039164205,2460807.7131812815,10.67401707638055,2,0,6,0.34699504003219717,True,False
499P,1,2,in,40,79,1.4029114804690397,1.3479853868484497,1.4786851406097412,0.09316322204277226,2460808.522924201,2460822.5226418725,13.99971767142415,0,15,1,0.34699504003219717,True,False
499P,1,3,in,61,115,1.5755156413368556,1.5049740076065063,1.6510438919067385,0.0927124304372434,2460825.305534628,2460840.7291818517,15.423647223506123,0,25,5,0.34699504003219717,True,False
499P,1,4,in,69,136,1.721366656177184,1.656176209449768,1.7814275026321411,0.07276270440867692,2460841.271989088,2460854.590191636,13.318202547729015,9,0,0,0.34699504003219717,True,False
508P,1,1,in,96,186,1.563491887302809,1.5393426418304443,1.6156803369522097,0.0488251303007757,2460820.4991639433,2460866.8978261696,46.39866222627461,3,10,15,0.06391245273335654,True,False
508P,1,2,out,12,24,1.5815082589785259,1.539316177368164,1.6393743753433228,0.0632675785327766,2460867.779091555,2460922.188086729,54.40899517387152,1,1,0,0.06391245273335654,True,False
63P,1,1,in,86,168,3.2310325616881963,3.168382406234741,3.2719736099243164,0.03206133077020102,2460938.055942053,2460954.7612371976,16.705295144580305,6,4,17,0.03206133077020102,False,False
63P,2,2,in,81,160,2.253276874125004,2.1880524158477783,2.305199384689331,0.0519896024260416,2461104.5739573883,2461130.9158209744,26.34186358610168,5,15,9,0.0519896024260416,False,False
78P,1,1,in,10,20,3.536065101623535,3.5290427207946777,3.543156623840332,0.003991414931578634,2460797.08643665,2460800.349799419,3.263362769037485,0,0,0,0.003991414931578634,False,False
78P,2,2,in,10,19,3.383195475528115,3.3793952465057373,3.38726806640625,0.0023270366602993146,2460832.619690459,2460834.386731636,1.767041176557541,0,0,5,0.0023270366602993146,False,False
78P,3,3,in,64,128,2.848603669553995,2.7051219940185547,2.897535562515259,0.06754662663438547,2460939.4369883225,2460981.0728894817,41.63590115914121,2,5,10,0.06754662663438547,False,False
